Participant, Trial.Number, Trial.Accuracy, Trial.Type, Frames to Target, Frames to Distractor,
B05ET,Trial 1,0.052631579,baseline_1,6,108,
B05ET,Trial 2,0.49122807,baseline_2,56,58,
B05ET,Trial 3,0.543103448,quiet_stroller,63,53,
B05ET,Trial 4,0.435897436,noise_hand,51,66,
B05ET,Trial 5,0.932773109,quiet_hand,111,8,
B05ET,Trial 6,0.159292035,quiet_car,18,95,
B05ET,Trial 7,0.666666667,noise_foot,78,39,
B05ET,Trial 8,0.093220339,noise_stroller,11,107,
B05ET,Trial 9,0.285714286,noise_car,18,45,
B05ET,Trial 10,0.808510638,quiet_foot,76,18,
B05ET,Trial 11,0.561403509,baseline_3,64,50,
B05ET,Trial 12,0.639175258,baseline_4,62,35,
B05ET,Trial 13,0.652173913,quiet_ojo,45,24,
B05ET,Trial 14,0.369047619,noise_perro,31,53,
B05ET,Trial 15,0.745614035,noise_nariz,85,29,
B05ET,Trial 16,NaN,quiet_perro,0,0,DROPPED
B05ET,Trial 17,1,quiet_nariz,120,0,
B05ET,Trial 18,0.754716981,noise_ojo,40,13,
B05ET,Trial 19,0,quiet_leche,0,120,
B05ET,Trial 20,0.268907563,noise_leche,32,87,
,,,,,,
B08RJ,Trial 1,0.625,baseline_1,60,36,
B08RJ,Trial 2,0.927536232,baseline_2,64,5,
B08RJ,Trial 14,1,quiet_stroller,58,0,
B08RJ,Trial 16,0.252173913,noise_hand,29,86,
B08RJ,Trial 20,0.559322034,quiet_hand,66,52,
B08RJ,Trial 19,0.709401709,quiet_car,83,34,
B08RJ,Trial 18,0,noise_foot,0,55,
B08RJ,Trial 17,0.811965812,noise_stroller,95,22,
B08RJ,Trial 13,0.641025641,noise_car,25,14,
B08RJ,Trial 15,0.814285714,quiet_foot,57,13,
B08RJ,Trial 11,0.682926829,baseline_3,56,26,
B08RJ,Trial 12,0.011494253,baseline_4,1,86,
B08RJ,Trial 3,0.444444444,quiet_ojo,32,40,
B08RJ,Trial 4,0.453333333,noise_perro,34,41,
B08RJ,Trial 5,0.328358209,noise_nariz,22,45,
B08RJ,Trial 6,0.722222222,quiet_perro,52,20,
B08RJ,Trial 7,0.69047619,quiet_nariz,29,13,
B08RJ,Trial 8,0.875,noise_ojo,21,3,
B08RJ,Trial 9,0.78313253,quiet_leche,65,18,
B08RJ,Trial 10,0,noise_leche,0,16,
,,,,,,
B09AW,Trial 1,0.052173913,baseline_1,6,109,
B09AW,Trial 2,0.198019802,baseline_2,20,81,
B09AW,Trial 4,0.884615385,quiet_stroller,92,12,
B09AW,Trial 6,0.844827586,noise_hand,49,9,
B09AW,Trial 10,0,quiet_hand,0,16,
B09AW,Trial 9,0.756302521,quiet_car,90,29,
B09AW,Trial 8,0,noise_foot,0,28,
B09AW,Trial 7,1,noise_stroller,48,0,
B09AW,Trial 3,1,noise_car,40,0,
B09AW,Trial 5,0,quiet_foot,0,32,
B09AW,Trial 11,0,baseline_3,0,92,
B09AW,Trial 12,0.666666667,baseline_4,74,37,
B09AW,Trial 16,0.663265306,quiet_ojo,65,33,
B09AW,Trial 14,0.194915254,noise_perro,23,95,
B09AW,Trial 15,1,noise_nariz,65,0,
B09AW,Trial 19,0,quiet_perro,0,41,
B09AW,Trial 13,0.527272727,quiet_nariz,58,52,
B09AW,Trial 17,0.5,noise_ojo,18,18,
B09AW,Trial 18,0,quiet_leche,0,25,
B09AW,Trial 20,0.78125,noise_leche,50,14,
,,,,,,
B10KG,Trial 1,0.470588235,baseline_1,40,45,
B10KG,Trial 2,0.509803922,baseline_2,26,25,
B10KG,Trial 14,0.762376238,quiet_stroller,77,24,
B10KG,Trial 16,1,noise_hand,4,0,DROPPED
B10KG,Trial 20,0.211764706,quiet_hand,18,67,
B10KG,Trial 19,0.919354839,quiet_car,57,5,
B10KG,Trial 18,0.11627907,noise_foot,10,76,
B10KG,Trial 17,0.873684211,noise_stroller,83,12,
B10KG,Trial 13,0.489795918,noise_car,24,25,
B10KG,Trial 15,0,quiet_foot,0,54,
B10KG,Trial 11,0.576470588,baseline_3,49,36,
B10KG,Trial 12,0.381818182,baseline_4,21,34,
B10KG,Trial 3,0.524590164,quiet_ojo,32,29,
B10KG,Trial 4,0.202702703,noise_perro,15,59,
B10KG,Trial 5,0.25,noise_nariz,19,57,
B10KG,Trial 6,0.307692308,quiet_perro,16,36,
B10KG,Trial 7,0.3,quiet_nariz,15,35,
B10KG,Trial 8,0.662790698,noise_ojo,57,29,
B10KG,Trial 9,1,quiet_leche,41,0,
B10KG,Trial 10,0,noise_leche,0,11,DROPPED
,,,,,,
B11ARF,Trial 1,0.779816514,baseline_1,85,24,
B11ARF,Trial 2,0.390243902,baseline_2,16,25,
B11ARF,Trial 14,0.392523364,quiet_stroller,42,65,
B11ARF,Trial 16,0.25,noise_hand,23,69,
B11ARF,Trial 20,0.571428571,quiet_hand,24,18,
B11ARF,Trial 19,0.783018868,quiet_car,83,23,
B11ARF,Trial 18,1,noise_foot,43,0,
B11ARF,Trial 17,0.07079646,noise_stroller,8,105,
B11ARF,Trial 13,0.468468468,noise_car,52,59,
B11ARF,Trial 15,1,quiet_foot,43,0,
B11ARF,Trial 11,0.913793103,baseline_3,53,5,
B11ARF,Trial 12,0.447368421,baseline_4,34,42,
B11ARF,Trial 3,0,quiet_ojo,0,17,
B11ARF,Trial 4,0.413043478,noise_perro,38,54,
B11ARF,Trial 5,0.727272727,noise_nariz,80,30,
B11ARF,Trial 6,0.794642857,quiet_perro,89,23,
B11ARF,Trial 7,0.818965517,quiet_nariz,95,21,
B11ARF,Trial 8,1,noise_ojo,40,0,
B11ARF,Trial 9,0.3,quiet_leche,15,35,
B11ARF,Trial 10,0,noise_leche,0,30,
,,,,,,
B12KRM,Trial 1,0.147058824,baseline_1,15,87,
B12KRM,Trial 2,0.068376068,baseline_2,8,109,
B12KRM,Trial 13,0.598130841,quiet_stroller,64,43,
B12KRM,Trial 14,0.47826087,noise_hand,44,48,
B12KRM,Trial 15,0.32173913,quiet_hand,37,78,
B12KRM,Trial 16,1,quiet_car,120,0,
B12KRM,Trial 17,0.109589041,noise_foot,8,65,
B12KRM,Trial 18,0.545454545,noise_stroller,42,35,
B12KRM,Trial 19,0.486956522,noise_car,56,59,
B12KRM,Trial 20,0.225490196,quiet_foot,23,79,
B12KRM,Trial 11,0.716814159,baseline_3,81,32,
B12KRM,Trial 12,0.276315789,baseline_4,21,55,
B12KRM,Trial 6,0.678899083,quiet_ojo,74,35,
B12KRM,Trial 4,0.756521739,noise_perro,87,28,
B12KRM,Trial 5,0.426666667,noise_nariz,32,43,
B12KRM,Trial 9,0.431034483,quiet_perro,50,66,
B12KRM,Trial 3,0.460526316,quiet_nariz,35,41,
B12KRM,Trial 7,0.487179487,noise_ojo,38,40,
B12KRM,Trial 8,0.872727273,quiet_leche,96,14,
B12KRM,Trial 10,0.492307692,noise_leche,32,33,
,,,,,,
B14I,Trial 1,0.783333333,baseline_1,47,13,
B14I,Trial 2,0.857142857,baseline_2,90,15,
B14I,Trial 3,0.912087912,quiet_stroller,83,8,
B14I,Trial 4,0,noise_hand,0,95,
B14I,Trial 5,0.485294118,quiet_hand,33,35,
B14I,Trial 6,1,quiet_car,22,0,
B14I,Trial 7,0.390243902,noise_foot,32,50,
B14I,Trial 8,1,noise_stroller,43,0,
B14I,Trial 9,0,noise_car,0,8,DROPPED
B14I,Trial 10,0.65,quiet_foot,39,21,
B14I,Trial 11,0.938271605,baseline_3,76,5,
B14I,Trial 12,0.883333333,baseline_4,106,14,
B14I,Trial 13,0.258333333,quiet_ojo,31,89,
B14I,Trial 14,1,noise_perro,120,0,
B14I,Trial 15,1,noise_nariz,102,0,
B14I,Trial 16,1,quiet_perro,120,0,
B14I,Trial 17,0.728395062,quiet_nariz,59,22,
B14I,Trial 18,0,noise_ojo,0,83,
B14I,Trial 19,0.351648352,quiet_leche,32,59,
B14I,Trial 20,0.277777778,noise_leche,10,26,
,,,,,,
B15NC,Trial 1,0,baseline_1,0,79,
B15NC,Trial 2,0.4625,baseline_2,37,43,
B15NC,Trial 13,NaN,quiet_stroller,0,0,DROPPED
B15NC,Trial 14,NaN,noise_hand,0,0,DROPPED
B15NC,Trial 15,0,quiet_hand,0,88,
B15NC,Trial 16,1,quiet_car,13,0,DROPPED
B15NC,Trial 17,0,noise_foot,0,41,
B15NC,Trial 18,1,noise_stroller,25,0,
B15NC,Trial 19,1,noise_car,25,0,
B15NC,Trial 20,0,quiet_foot,0,14,DROPPED
B15NC,Trial 11,0.584070796,baseline_3,66,47,
B15NC,Trial 12,0.563380282,baseline_4,40,31,
B15NC,Trial 6,0,quiet_ojo,0,62,
B15NC,Trial 4,0.028169014,noise_perro,2,69,
B15NC,Trial 5,0.431818182,noise_nariz,38,50,
B15NC,Trial 9,0.326315789,quiet_perro,31,64,
B15NC,Trial 3,0.494117647,quiet_nariz,42,43,
B15NC,Trial 7,0.798076923,noise_ojo,83,21,
B15NC,Trial 8,0.708333333,quiet_leche,17,7,
B15NC,Trial 10,0.822916667,noise_leche,79,17,
,,,,,,
B16LR,Trial 1,0.506849315,baseline_1,37,36,
B16LR,Trial 2,0.292682927,baseline_2,12,29,
B16LR,Trial 4,0.75,quiet_stroller,21,7,
B16LR,Trial 6,0,noise_hand,0,75,
B16LR,Trial 10,0.055555556,quiet_hand,1,17,
B16LR,Trial 9,1,quiet_car,38,0,
B16LR,Trial 8,0.149253731,noise_foot,10,57,
B16LR,Trial 7,1,noise_stroller,41,0,
B16LR,Trial 3,0.327272727,noise_car,18,37,
B16LR,Trial 5,0.040540541,quiet_foot,3,71,
B16LR,Trial 11,0.395833333,baseline_3,19,29,
B16LR,Trial 12,0.736842105,baseline_4,28,10,
B16LR,Trial 16,0.276785714,quiet_ojo,31,81,
B16LR,Trial 14,0.555555556,noise_perro,40,32,
B16LR,Trial 15,0.6875,noise_nariz,11,5,
B16LR,Trial 19,0.5625,quiet_perro,18,14,
B16LR,Trial 13,1,quiet_nariz,14,0,DROPPED
B16LR,Trial 17,0.307692308,noise_ojo,20,45,
B16LR,Trial 18,0.78,quiet_leche,39,11,
B16LR,Trial 20,0.756756757,noise_leche,28,9,
,,,,,,
B17YT,Trial 1,0.685185185,baseline_1,37,17,
B17YT,Trial 2,0.4375,baseline_2,42,54,
B17YT,Trial 14,0.78313253,quiet_stroller,65,18,
B17YT,Trial 16,0.58490566,noise_hand,62,44,
B17YT,Trial 20,0,quiet_hand,0,56,
B17YT,Trial 19,0.269230769,quiet_car,21,57,
B17YT,Trial 18,0,noise_foot,0,120,
B17YT,Trial 17,0.834782609,noise_stroller,96,19,
B17YT,Trial 13,1,noise_car,75,0,
B17YT,Trial 15,0,quiet_foot,0,15,
B17YT,Trial 11,0.393442623,baseline_3,24,37,
B17YT,Trial 12,0.692307692,baseline_4,45,20,
B17YT,Trial 3,NaN,quiet_ojo,0,0,DROPPED
B17YT,Trial 4,0.693333333,noise_perro,52,23,
B17YT,Trial 5,0.649122807,noise_nariz,74,40,
B17YT,Trial 6,1,quiet_perro,31,0,
B17YT,Trial 7,0.725490196,quiet_nariz,74,28,
B17YT,Trial 8,0.893203883,noise_ojo,92,11,
B17YT,Trial 9,0.071428571,quiet_leche,6,78,
B17YT,Trial 10,0,noise_leche,0,120,
,,,,,,
B18LS,Trial 1,0.644444444,baseline_1,58,32,
B18LS,Trial 2,0.728571429,baseline_2,51,19,
B18LS,Trial 3,0.134615385,quiet_stroller,7,45,
B18LS,Trial 4,0.95,noise_hand,19,1,
B18LS,Trial 5,0.388888889,quiet_hand,14,22,
B18LS,Trial 6,0.588235294,quiet_car,10,7,
B18LS,Trial 7,0,noise_foot,0,38,
B18LS,Trial 8,0.756756757,noise_stroller,84,27,
B18LS,Trial 9,0,noise_car,0,10,DROPPED
B18LS,Trial 10,0.203703704,quiet_foot,11,43,
B18LS,Trial 11,0.861111111,baseline_3,62,10,
B18LS,Trial 12,0.722222222,baseline_4,26,10,
B18LS,Trial 13,1,quiet_ojo,64,0,
B18LS,Trial 14,0.194444444,noise_perro,21,87,
B18LS,Trial 15,0.543103448,noise_nariz,63,53,
B18LS,Trial 16,0.784482759,quiet_perro,91,25,
B18LS,Trial 17,0.720930233,quiet_nariz,31,12,
B18LS,Trial 18,NaN,noise_ojo,0,0,DROPPED
B18LS,Trial 19,0,quiet_leche,0,21,
B18LS,Trial 20,0.46,noise_leche,23,27,
,,,,,,
B20AP,Trial 1,0.483516484,baseline_1,44,47,
B20AP,Trial 2,0.557377049,baseline_2,34,27,
B20AP,Trial 13,0.889830508,quiet_stroller,105,13,
B20AP,Trial 14,0.337209302,noise_hand,29,57,
B20AP,Trial 15,0.136752137,quiet_hand,16,101,
B20AP,Trial 16,0.938271605,quiet_car,76,5,
B20AP,Trial 17,0.608695652,noise_foot,56,36,
B20AP,Trial 18,0.528301887,noise_stroller,28,25,
B20AP,Trial 19,0.8875,noise_car,71,9,
B20AP,Trial 20,0.698630137,quiet_foot,51,22,
B20AP,Trial 11,0.470588235,baseline_3,48,54,
B20AP,Trial 12,0.566371681,baseline_4,64,49,
B20AP,Trial 6,0.607476636,quiet_ojo,65,42,
B20AP,Trial 4,0.541176471,noise_perro,46,39,
B20AP,Trial 5,0.44047619,noise_nariz,37,47,
B20AP,Trial 9,0.493975904,quiet_perro,41,42,
B20AP,Trial 3,0.635514019,quiet_nariz,68,39,
B20AP,Trial 7,0.564102564,noise_ojo,66,51,
B20AP,Trial 8,0.701754386,quiet_leche,80,34,
B20AP,Trial 10,1,noise_leche,26,0,
,,,,,,
B22JR,Trial 1,0.314814815,baseline_1,17,37,
B22JR,Trial 2,NaN,baseline_2,0,0,DROPPED
B22JR,Trial 4,0,quiet_stroller,0,71,
B22JR,Trial 6,0.28125,noise_hand,27,69,
B22JR,Trial 10,1,quiet_hand,74,0,
B22JR,Trial 9,0.245614035,quiet_car,14,43,
B22JR,Trial 8,0.676767677,noise_foot,67,32,
B22JR,Trial 7,0.078651685,noise_stroller,7,82,
B22JR,Trial 3,0.152173913,noise_car,14,78,
B22JR,Trial 5,0.459459459,quiet_foot,34,40,
B22JR,Trial 11,0.356435644,baseline_3,36,65,
B22JR,Trial 12,0.52173913,baseline_4,36,33,
B22JR,Trial 16,0,quiet_ojo,0,21,
B22JR,Trial 14,1,noise_perro,35,0,
B22JR,Trial 15,0.350877193,noise_nariz,20,37,
B22JR,Trial 19,1,quiet_perro,13,0,DROPPED
B22JR,Trial 13,1,quiet_nariz,7,0,DROPPED
B22JR,Trial 17,1,noise_ojo,34,0,
B22JR,Trial 18,0.64556962,quiet_leche,51,28,
B22JR,Trial 20,0,noise_leche,0,4,DROPPED
,,,,,,
B23RF,Trial 1,0.132352941,baseline_1,9,59,
B23RF,Trial 2,0,baseline_2,0,17,
B23RF,Trial 14,0.793650794,quiet_stroller,50,13,
B23RF,Trial 16,1,noise_hand,14,0,DROPPED
B23RF,Trial 20,0.862745098,quiet_hand,88,14,
B23RF,Trial 19,NaN,quiet_car,0,0,DROPPED
B23RF,Trial 18,1,noise_foot,30,0,
B23RF,Trial 17,NaN,noise_stroller,0,0,DROPPED
B23RF,Trial 13,1,noise_car,31,0,
B23RF,Trial 15,0.553571429,quiet_foot,62,50,
B23RF,Trial 11,0.428571429,baseline_3,27,36,
B23RF,Trial 12,0.376068376,baseline_4,44,73,
B23RF,Trial 3,0.865671642,quiet_ojo,58,9,
B23RF,Trial 4,0,noise_perro,0,120,
B23RF,Trial 5,1,noise_nariz,11,0,DROPPED
B23RF,Trial 6,NaN,quiet_perro,0,0,DROPPED
B23RF,Trial 7,NaN,quiet_nariz,0,0,DROPPED
B23RF,Trial 8,1,noise_ojo,44,0,
B23RF,Trial 9,1,quiet_leche,12,0,DROPPED
B23RF,Trial 10,0.405405405,noise_leche,30,44,
,,,,,,
B24EBR,Trial 1,0.846153846,baseline_1,33,6,
B24EBR,Trial 2,0.344827586,baseline_2,10,19,
B24EBR,Trial 3,0.740740741,quiet_stroller,60,21,
B24EBR,Trial 4,0.47761194,noise_hand,32,35,
B24EBR,Trial 5,0.869565217,quiet_hand,20,3,
B24EBR,Trial 6,0.303370787,quiet_car,27,62,
B24EBR,Trial 7,0.472222222,noise_foot,34,38,
B24EBR,Trial 8,0.425287356,noise_stroller,37,50,
B24EBR,Trial 9,0.563636364,noise_car,31,24,
B24EBR,Trial 10,0.517241379,quiet_foot,60,56,
B24EBR,Trial 11,0.839506173,baseline_3,68,13,
B24EBR,Trial 12,0.580952381,baseline_4,61,44,
B24EBR,Trial 13,0.525423729,quiet_ojo,62,56,
B24EBR,Trial 14,0.848837209,noise_perro,73,13,
B24EBR,Trial 15,0.763636364,noise_nariz,42,13,
B24EBR,Trial 16,0.341880342,quiet_perro,40,77,
B24EBR,Trial 17,0.777777778,quiet_nariz,28,8,
B24EBR,Trial 18,0.622807018,noise_ojo,71,43,
B24EBR,Trial 19,0.481012658,quiet_leche,38,41,
B24EBR,Trial 20,0.105263158,noise_leche,8,68,
,,,,,,
B25ELM,Trial 1,0.420168067,baseline_1,50,69,
B25ELM,Trial 2,0.384615385,baseline_2,40,64,
B25ELM,Trial 13,0.41025641,quiet_stroller,16,23,
B25ELM,Trial 14,0.265486726,noise_hand,30,83,
B25ELM,Trial 15,0,quiet_hand,0,91,
B25ELM,Trial 16,0,quiet_car,0,70,
B25ELM,Trial 17,0.421052632,noise_foot,48,66,
B25ELM,Trial 18,0.484848485,noise_stroller,16,17,
B25ELM,Trial 19,0.71875,noise_car,23,9,
B25ELM,Trial 20,0.807228916,quiet_foot,67,16,
B25ELM,Trial 11,0.194915254,baseline_3,23,95,
B25ELM,Trial 12,0.555555556,baseline_4,65,52,
B25ELM,Trial 6,0.163265306,quiet_ojo,16,82,
B25ELM,Trial 4,0.622222222,noise_perro,28,17,
B25ELM,Trial 5,0.324324324,noise_nariz,12,25,
B25ELM,Trial 9,0.6,quiet_perro,36,24,
B25ELM,Trial 3,0.770642202,quiet_nariz,84,25,
B25ELM,Trial 7,0.188888889,noise_ojo,17,73,
B25ELM,Trial 8,0.230769231,quiet_leche,24,80,
B25ELM,Trial 10,1,noise_leche,38,0,
,,,,,,
B26GB,Trial 1,0.1,baseline_1,5,45,
B26GB,Trial 2,NaN,baseline_2,0,0,DROPPED
B26GB,Trial 4,1,quiet_stroller,54,0,
B26GB,Trial 6,0,noise_hand,0,28,
B26GB,Trial 10,0,quiet_hand,0,120,
B26GB,Trial 9,0.5,quiet_car,9,9,
B26GB,Trial 8,0,noise_foot,0,46,
B26GB,Trial 7,0.738095238,noise_stroller,31,11,
B26GB,Trial 3,1,noise_car,24,0,
B26GB,Trial 5,0,quiet_foot,0,89,
B26GB,Trial 11,0.018181818,baseline_3,2,108,
B26GB,Trial 12,0.266666667,baseline_4,16,44,
B26GB,Trial 16,0.567567568,quiet_ojo,63,48,
B26GB,Trial 14,0.238095238,noise_perro,25,80,
B26GB,Trial 15,0.773809524,noise_nariz,65,19,
B26GB,Trial 19,0,quiet_perro,0,12,DROPPED
B26GB,Trial 13,NaN,quiet_nariz,0,0,DROPPED
B26GB,Trial 17,0.316831683,noise_ojo,32,69,
B26GB,Trial 18,0.421052632,quiet_leche,16,22,
B26GB,Trial 20,NaN,noise_leche,0,0,DROPPED
,,,,,,
B27KDS,Trial 1,0.6,baseline_1,18,12,
B27KDS,Trial 2,0.694444444,baseline_2,25,11,
B27KDS,Trial 3,1,quiet_stroller,39,0,
B27KDS,Trial 4,NaN,noise_hand,0,0,DROPPED
B27KDS,Trial 5,0.204545455,quiet_hand,9,35,
B27KDS,Trial 6,0,quiet_car,0,2,DROPPED
B27KDS,Trial 7,NaN,noise_foot,0,0,DROPPED
B27KDS,Trial 8,NaN,noise_stroller,0,0,DROPPED
B27KDS,Trial 9,NaN,noise_car,0,0,DROPPED
B27KDS,Trial 10,0,quiet_foot,0,54,
B27KDS,Trial 11,1,baseline_3,57,0,
B27KDS,Trial 12,0.877192982,baseline_4,50,7,
B27KDS,Trial 13,0.666666667,quiet_ojo,78,39,
B27KDS,Trial 14,0.916666667,noise_perro,22,2,
B27KDS,Trial 15,NaN,noise_nariz,0,0,DROPPED
B27KDS,Trial 16,0.875,quiet_perro,21,3,
B27KDS,Trial 17,0.551401869,quiet_nariz,59,48,
B27KDS,Trial 18,1,noise_ojo,34,0,
B27KDS,Trial 19,1,quiet_leche,24,0,
B27KDS,Trial 20,0,noise_leche,0,7,DROPPED
,,,,,,
B28APF,Trial 1,0.5,baseline_1,15,15,
B28APF,Trial 2,0.614035088,baseline_2,35,22,
B28APF,Trial 13,NaN,quiet_stroller,0,0,DROPPED
B28APF,Trial 14,0,noise_hand,0,24,
B28APF,Trial 15,0.1,quiet_hand,3,27,
B28APF,Trial 16,0.237113402,quiet_car,23,74,
B28APF,Trial 17,0.533333333,noise_foot,24,21,
B28APF,Trial 18,NaN,noise_stroller,0,0,DROPPED
B28APF,Trial 19,0,noise_car,0,36,
B28APF,Trial 20,1,quiet_foot,15,0,
B28APF,Trial 11,0.524590164,baseline_3,32,29,
B28APF,Trial 12,0.485714286,baseline_4,17,18,
B28APF,Trial 6,0.813953488,quiet_ojo,35,8,
B28APF,Trial 4,1,noise_perro,16,0,
B28APF,Trial 5,0.44,noise_nariz,11,14,
B28APF,Trial 9,0.025316456,quiet_perro,2,77,
B28APF,Trial 3,0,quiet_nariz,0,11,DROPPED
B28APF,Trial 7,0.857142857,noise_ojo,6,1,DROPPED
B28APF,Trial 8,0.417391304,quiet_leche,48,67,
B28APF,Trial 10,0.839285714,noise_leche,47,9,
,,,,,,
B29NRP,Trial 1,NaN,baseline_1,0,0,DROPPED
B29NRP,Trial 2,1,baseline_2,30,0,
B29NRP,Trial 13,0.782178218,quiet_stroller,79,22,
B29NRP,Trial 14,0.860869565,noise_hand,99,16,
B29NRP,Trial 15,0.458333333,quiet_hand,55,65,
B29NRP,Trial 16,1,quiet_car,120,0,
B29NRP,Trial 17,0.077777778,noise_foot,7,83,
B29NRP,Trial 18,0,noise_stroller,0,3,DROPPED
B29NRP,Trial 19,1,noise_car,96,0,
B29NRP,Trial 20,0,quiet_foot,0,112,
B29NRP,Trial 11,1,baseline_3,106,0,
B29NRP,Trial 12,1,baseline_4,120,0,
B29NRP,Trial 6,0.517241379,quiet_ojo,60,56,
B29NRP,Trial 4,0.603773585,noise_perro,64,42,
B29NRP,Trial 5,0.474576271,noise_nariz,56,62,
B29NRP,Trial 9,NaN,quiet_perro,0,0,DROPPED
B29NRP,Trial 3,NaN,quiet_nariz,0,0,DROPPED
B29NRP,Trial 7,0,noise_ojo,0,120,
B29NRP,Trial 8,0,quiet_leche,0,32,
B29NRP,Trial 10,0.479166667,noise_leche,46,50,
,,,,,,
B30MR,Trial 1,0.579710145,baseline_1,40,29,
B30MR,Trial 2,0.298850575,baseline_2,26,61,
B30MR,Trial 4,0.597938144,quiet_stroller,58,39,
B30MR,Trial 6,0.754385965,noise_hand,43,14,
B30MR,Trial 10,1,quiet_hand,68,0,
B30MR,Trial 9,0.508474576,quiet_car,30,29,
B30MR,Trial 8,0.556603774,noise_foot,59,47,
B30MR,Trial 7,0.909090909,noise_stroller,80,8,
B30MR,Trial 3,1,noise_car,2,0,DROPPED
B30MR,Trial 5,0.444444444,quiet_foot,36,45,
B30MR,Trial 11,0.363636364,baseline_3,40,70,
B30MR,Trial 12,0.548076923,baseline_4,57,47,
B30MR,Trial 16,0.428571429,quiet_ojo,45,60,
B30MR,Trial 14,0.172413793,noise_perro,10,48,
B30MR,Trial 15,0.355555556,noise_nariz,16,29,
B30MR,Trial 19,0,quiet_perro,0,72,
B30MR,Trial 13,0.642105263,quiet_nariz,61,34,
B30MR,Trial 17,0.64,noise_ojo,16,9,
B30MR,Trial 18,0.385964912,quiet_leche,44,70,
B30MR,Trial 20,0.324324324,noise_leche,12,25,
,,,,,,
B31ZR,Trial 1,0.6875,baseline_1,77,35,
B31ZR,Trial 2,0.373913043,baseline_2,43,72,
B31ZR,Trial 3,0.760683761,quiet_stroller,89,28,
B31ZR,Trial 4,0.181818182,noise_hand,20,90,
B31ZR,Trial 5,0.582608696,quiet_hand,67,48,
B31ZR,Trial 6,0.847457627,quiet_car,100,18,
B31ZR,Trial 7,0.607142857,noise_foot,68,44,
B31ZR,Trial 8,0.71,noise_stroller,71,29,
B31ZR,Trial 9,1,noise_car,120,0,
B31ZR,Trial 10,0.07826087,quiet_foot,9,106,
B31ZR,Trial 11,0.79787234,baseline_3,75,19,
B31ZR,Trial 12,1,baseline_4,120,0,
B31ZR,Trial 13,0.202898551,quiet_ojo,14,55,
B31ZR,Trial 14,0.8,noise_perro,96,24,
B31ZR,Trial 15,1,noise_nariz,110,0,
B31ZR,Trial 16,0.89,quiet_perro,89,11,
B31ZR,Trial 17,0.831683168,quiet_nariz,84,17,
B31ZR,Trial 18,0.377358491,noise_ojo,40,66,
B31ZR,Trial 19,0.691666667,quiet_leche,83,37,
B31ZR,Trial 20,0,noise_leche,0,120,
,,,,,,
B32NF,Trial 1,0.632653061,baseline_1,31,18,
B32NF,Trial 2,NaN,baseline_2,0,0,DROPPED
B32NF,Trial 3,0.607843137,quiet_stroller,31,20,
B32NF,Trial 4,NaN,noise_hand,0,0,DROPPED
B32NF,Trial 5,0,quiet_hand,0,39,
B32NF,Trial 6,0.852459016,quiet_car,52,9,
B32NF,Trial 7,0.708333333,noise_foot,17,7,
B32NF,Trial 8,0.808333333,noise_stroller,97,23,
B32NF,Trial 9,0.813559322,noise_car,48,11,
B32NF,Trial 10,0.263888889,quiet_foot,19,53,
B32NF,Trial 11,1,baseline_3,56,0,
B32NF,Trial 12,0.93902439,baseline_4,77,5,
B32NF,Trial 13,0.086956522,quiet_ojo,10,105,
B32NF,Trial 14,0.38961039,noise_perro,30,47,
B32NF,Trial 15,0.709677419,noise_nariz,44,18,
B32NF,Trial 16,0.841666667,quiet_perro,101,19,
B32NF,Trial 17,0.692307692,quiet_nariz,27,12,
B32NF,Trial 18,0,noise_ojo,0,120,
B32NF,Trial 19,0,quiet_leche,0,31,
B32NF,Trial 20,0.483870968,noise_leche,15,16,
,,,,,,
B35VC,Trial 1,0.545454545,baseline_1,6,5,DROPPED
B35VC,Trial 2,0.147727273,baseline_2,13,75,
B35VC,Trial 14,0.892473118,quiet_stroller,83,10,
B35VC,Trial 16,0.178947368,noise_hand,17,78,
B35VC,Trial 20,0,quiet_hand,0,35,
B35VC,Trial 19,1,quiet_car,74,0,
B35VC,Trial 18,0.446428571,noise_foot,25,31,
B35VC,Trial 17,1,noise_stroller,78,0,
B35VC,Trial 13,0.858585859,noise_car,85,14,
B35VC,Trial 15,0.207207207,quiet_foot,23,88,
B35VC,Trial 11,0,baseline_3,0,66,
B35VC,Trial 12,0.506493506,baseline_4,39,38,
B35VC,Trial 3,0.595744681,quiet_ojo,56,38,
B35VC,Trial 4,0.317647059,noise_perro,27,58,
B35VC,Trial 5,0.272727273,noise_nariz,15,40,
B35VC,Trial 6,1,quiet_perro,38,0,
B35VC,Trial 7,0.703703704,quiet_nariz,38,16,
B35VC,Trial 8,0.738636364,noise_ojo,65,23,
B35VC,Trial 9,0.666666667,quiet_leche,40,20,
B35VC,Trial 10,NaN,noise_leche,0,0,DROPPED
,,,,,,
B41RRG,Trial 1,0.725,baseline_1,29,11,
B41RRG,Trial 2,0,baseline_2,0,20,
B41RRG,Trial 3,0.566037736,quiet_stroller,30,23,
B41RRG,Trial 4,0.721311475,noise_hand,44,17,
B41RRG,Trial 5,0.467532468,quiet_hand,36,41,
B41RRG,Trial 6,0.195652174,quiet_car,18,74,
B41RRG,Trial 7,0.363636364,noise_foot,16,28,
B41RRG,Trial 8,0,noise_stroller,0,4,DROPPED
B41RRG,Trial 9,NaN,noise_car,0,0,DROPPED
B41RRG,Trial 10,1,quiet_foot,9,0,DROPPED
B41RRG,Trial 11,0.628205128,baseline_3,49,29,
B41RRG,Trial 12,0.37,baseline_4,37,63,
B41RRG,Trial 13,0,quiet_ojo,0,55,
B41RRG,Trial 14,0.457142857,noise_perro,32,38,
B41RRG,Trial 15,0.671428571,noise_nariz,47,23,
B41RRG,Trial 16,1,quiet_perro,22,0,
B41RRG,Trial 17,0,quiet_nariz,0,11,DROPPED
B41RRG,Trial 18,0.273809524,noise_ojo,23,61,
B41RRG,Trial 19,0.286956522,quiet_leche,33,82,
B41RRG,Trial 20,0.126760563,noise_leche,9,62,